Workbook

Sheet june
A1: S. No. | B1: DISTRICT NAME | C1: Actual R/F (mm) | D1: Normal R/F (mm) | E1: Departure
A2: 1 | B2: ARARIA | C2: 93.7 | D2: 262.6 | E2: -64
A3: 2 | B3: ARWAL | C3: 42.3 | D3: 91.8 | E3: -54
A4: 3 | B4: AURANGABAD | C4: 55.2 | D4: 126.8 | E4: -56
A5: 4 | B5: BANKA | C5: 165.2 | D5: 139.5 | E5: 18
A6: 5 | B6: BEGUSARAI | C6: 101.8 | D6: 165.6 | E6: -39
A7: 6 | B7: BHABUA | C7: 81.1 | D7: 111.7 | E7: -27
A8: 7 | B8: BHAGALPUR | C8: 156 | D8: 179.5 | E8: -13
A9: 8 | B9: BHOJPUR | C9: 16.7 | D9: 116.4 | E9: -86
A10: 9 | B10: BUXAR | C10: 79.4 | D10: 110.6 | E10: -28
A11: 10 | B11: DARBHANGA | C11: 97 | D11: 145.1 | E11: -33
A12: 11 | B12: EAST CHAMPARAN | C12: 76 | D12: 177.8 | E12: -57
A13: 12 | B13: GAYA | C13: 121.5 | D13: 135.4 | E13: -10
... A39: 38 | B39: WEST CHAMPARAN | C39: 144.7 | D39: 200.8 | E39: -28

Sheet july
A1: S. No. | B1: DISTRICT NAME | C1: Actual R/F (mm) | D1: Normal R/F (mm) | E1: Departure
A2: 1 | B2: ARARIA | C2: 332.1 | D2: 487.1 | E2: -32
A3: 2 | B3: ARWAL | C3: 156.6 | D3: 249.1 | E3: -37
A4: 3 | B4: AURANGABAD | C4: 311.7 | D4: 293.5 | E4: 6
A5: 4 | B5: BANKA | C5: 406.2 | D5: 284.7 | E5: 43
A6: 5 | B6: BEGUSARAI | C6: 140.6 | D6: 329.1 | E6: -57
A7: 6 | B7: BHABUA | C7: 364.6 | D7: 286 | E7: 27
A8: 7 | B8: BHAGALPUR | C8: 338.3 | D8: 310.7 | E8: 9
A9: 8 | B9: BHOJPUR | C9: 289.9 | D9: 306.8 | E9: -6
A10: 9 | B10: BUXAR | C10: 429.2 | D10: 270.6 | E10: 59
A11: 10 | B11: DARBHANGA | C11: 246.8 | D11: 313.2 | E11: -21
A12: 11 | B12: EAST CHAMPARAN | C12: 258 | D12: 364.3 | E12: -29
A13: 12 | B13: GAYA | C13: 285.5 | D13: 276.6 | E13: 3
... A39: 38 | B39: WEST CHAMPARAN | C39: 521.7 | D39: 438.5 | E39: 19

Sheet august
A1: S. No. | B1: DISTRICT NAME | C1: Actual R/F (mm) | D1: Normal R/F (mm) | E1: Departure
A2: 1 | B2: ARARIA | C2: 363.9 | D2: 340.9 | E2: 7
A3: 2 | B3: ARWAL | C3: 203.6 | D3: 204.5 | E3: 0
A4: 3 | B4: AURANGABAD | C4: 200.9 | D4: 251 | E4: -20
A5: 4 | B5: BANKA | C5: 309.7 | D5: 247.7 | E5: 25
A6: 5 | B6: BEGUSARAI | C6: 283.6 | D6: 273.8 | E6: 4
A7: 6 | B7: BHABUA | C7: 216.3 | D7: 271.2 | E7: -20
A8: 7 | B8: BHAGALPUR | C8: 345.9 | D8: 260.3 | E8: 33
A9: 8 | B9: BHOJPUR | C9: 196.4 | D9: 258.9 | E9: -24
A10: 9 | B10: BUXAR | C10: 444.1 | D10: 232 | E10: 91
A11: 10 | B11: DARBHANGA | C11: 195.9 | D11: 254.7 | E11: -23
A12: 11 | B12: EAST CHAMPARAN | C12: 240.1 | D12: 302 | E12: -21
A13: 12 | B13: GAYA | C13: 251.3 | D13: 241.6 | E13: 4
... A39: 38 | B39: WEST CHAMPARAN | C39: 428.5 | D39: 355.8 | E39: 20

Sheet september
A1: S. No. | B1: DISTRICT NAME | C1: Actual R/F (mm) | D1: Normal R/F (mm) | E1: Departure
A2: 1 | B2: ARARIA | C2: 211.9 | D2: 284 | E2: -25
A3: 2 | B3: ARWAL | C3: 96.3 | D3: 159.8 | E3: -40
A4: 3 | B4: AURANGABAD | C4: 132.3 | D4: 187.7 | E4: -30
A5: 4 | B5: BANKA | C5: 71.5 | D5: 198.7 | E5: -64
A6: 5 | B6: BEGUSARAI | C6: 86.5 | D6: 241 | E6: -64
A7: 6 | B7: BHABUA | C7: 187.5 | D7: 221.3 | E7: -15
A8: 7 | B8: BHAGALPUR | C8: 83.3 | D8: 219.7 | E8: -62
A9: 8 | B9: BHOJPUR | C9: 65.2 | D9: 207.2 | E9: -69
A10: 9 | B10: BUXAR | C10: 107.4 | D10: 172.2 | E10: -38
A11: 10 | B11: DARBHANGA | C11: 96.5 | D11: 186.6 | E11: -48
A12: 11 | B12: EAST CHAMPARAN | C12: 63 | D12: 211.1 | E12: -70
A13: 12 | B13: GAYA | C13: 102.3 | D13: 174.7 | E13: -41
... A39: 38 | B39: WEST CHAMPARAN | C39: 202.6 | D39: 237.1 | E39: -15

Sheet overall_monsoon
A1: S. No. | B1: DISTRICT NAME | C1: Monsoon Actual R/F (mm) | D1: Monsoon Normal R/F (mm) | E1: Departure
A2: 1 | B2: ARARIA | C2: 1001.6 | D2: 1374.6 | E2: -27
A3: 2 | B3: ARWAL | C3: 498.8 | D3: 705.2 | E3: -29
A4: 3 | B4: AURANGABAD | C4: 700 | D4: 859 | E4: -19
A5: 4 | B5: BANKA | C5: 952.6 | D5: 870.6 | E5: 9
A6: 5 | B6: BEGUSARAI | C6: 612.5 | D6: 1009.5 | E6: -39
A7: 6 | B7: BHABUA | C7: 849.5 | D7: 890.2 | E7: -5
A8: 7 | B8: BHAGALPUR | C8: 923.4 | D8: 970.2 | E8: -5
A9: 8 | B9: BHOJPUR | C9: 568.2 | D9: 889.3 | E9: -36
A10: 9 | B10: BUXAR | C10: 1060.1 | D10: 785.4 | E10: 35
A11: 10 | B11: DARBHANGA | C11: 636.2 | D11: 899.6 | E11: -29
A12: 11 | B12: EAST CHAMPARAN | C12: 637 | D12: 1055.2 | E12: -40
A13: 12 | B13: GAYA | C13: 760.7 | D13: 828.3 | E13: -8
... A39: 38 | B39: WEST CHAMPARAN | C39: 1297.4 | D39: 1232.2 | E39: 5

Sheet Data
A1: S. No. | B1: DISTRICT NAME | C1: Jun | D1: Jul | E1: Aug | F1: Sep | G1: Monsoon Actual R/F (mm) | H1: Jun | I1: Jul | J1: Aug | K1: Sep | L1: Monsoon Normal R/F (mm)
A2: 1 | B2: ARARIA | C2: =june!C2 -> 93.7 | D2: =july!C2 -> 332.1 | E2: =august!C2 -> 363.9 | F2: =september!C2 -> 211.9 | G2: =SUM(C2:F2) -> 1001.6 | H2: =june!D2 -> 262.6 | I2: =july!D2 -> 487.1 | J2: =august!D2 -> 340.9 | K2: =september!D2 -> 284 | L2: =SUM(H2:K2) -> 1374.6
A3: 2 | B3: ARWAL | C3: =june!C3 -> 42.3 | D3: =july!C3 -> 156.6 | E3: =august!C3 -> 203.6 | F3: =september!C3 -> 96.3 | G3: =SUM(C3:F3) -> 498.8 | H3: =june!D3 -> 91.8 | I3: =july!D3 -> 249.1 | J3: =august!D3 -> 204.5 | K3: =september!D3 -> 159.8 | L3: =SUM(H3:K3) -> 705.2
A4: 3 | B4: AURANGABAD | C4: =june!C4 -> 55.2 | D4: =july!C4 -> 311.7 | E4: =august!C4 -> 200.9 | F4: =september!C4 -> 132.3 | G4: =SUM(C4:F4) -> 700.1 | H4: =june!D4 -> 126.8 | I4: =july!D4 -> 293.5 | J4: =august!D4 -> 251 | K4: =september!D4 -> 187.7 | L4: =SUM(H4:K4) -> 859
A5: 4 | B5: BANKA | C5: =june!C5 -> 165.2 | D5: =july!C5 -> 406.2 | E5: =august!C5 -> 309.7 | F5: =september!C5 -> 71.5 | G5: =SUM(C5:F5) -> 952.6 | H5: =june!D5 -> 139.5 | I5: =july!D5 -> 284.7 | J5: =august!D5 -> 247.7 | K5: =september!D5 -> 198.7 | L5: =SUM(H5:K5) -> 870.6
A6: 5 | B6: BEGUSARAI | C6: =june!C6 -> 101.8 | D6: =july!C6 -> 140.6 | E6: =august!C6 -> 283.6 | F6: =september!C6 -> 86.5 | G6: =SUM(C6:F6) -> 612.5 | H6: =june!D6 -> 165.6 | I6: =july!D6 -> 329.1 | J6: =august!D6 -> 273.8 | K6: =september!D6 -> 241 | L6: =SUM(H6:K6) -> 1009.5
A7: 6 | B7: BHABUA | C7: =june!C7 -> 81.1 | D7: =july!C7 -> 364.6 | E7: =august!C7 -> 216.3 | F7: =september!C7 -> 187.5 | G7: =SUM(C7:F7) -> 849.5 | H7: =june!D7 -> 111.7 | I7: =july!D7 -> 286 | J7: =august!D7 -> 271.2 | K7: =september!D7 -> 221.3 | L7: =SUM(H7:K7) -> 890.2
A8: 7 | B8: BHAGALPUR | C8: =june!C8 -> 156 | D8: =july!C8 -> 338.3 | E8: =august!C8 -> 345.9 | F8: =september!C8 -> 83.3 | G8: =SUM(C8:F8) -> 923.5 | H8: =june!D8 -> 179.5 | I8: =july!D8 -> 310.7 | J8: =august!D8 -> 260.3 | K8: =september!D8 -> 219.7 | L8: =SUM(H8:K8) -> 970.2
A9: 8 | B9: BHOJPUR | C9: =june!C9 -> 16.7 | D9: =july!C9 -> 289.9 | E9: =august!C9 -> 196.4 | F9: =september!C9 -> 65.2 | G9: =SUM(C9:F9) -> 568.2 | H9: =june!D9 -> 116.4 | I9: =july!D9 -> 306.8 | J9: =august!D9 -> 258.9 | K9: =september!D9 -> 207.2 | L9: =SUM(H9:K9) -> 889.3
A10: 9 | B10: BUXAR | C10: =june!C10 -> 79.4 | D10: =july!C10 -> 429.2 | E10: =august!C10 -> 444.1 | F10: =september!C10 -> 107.4 | G10: =SUM(C10:F10) -> 1060.1 | H10: =june!D10 -> 110.6 | I10: =july!D10 -> 270.6 | J10: =august!D10 -> 232 | K10: =september!D10 -> 172.2 | L10: =SUM(H10:K10) -> 785.4
A11: 10 | B11: DARBHANGA | C11: =june!C11 -> 97 | D11: =july!C11 -> 246.8 | E11: =august!C11 -> 195.9 | F11: =september!C11 -> 96.5 | G11: =SUM(C11:F11) -> 636.2 | H11: =june!D11 -> 145.1 | I11: =july!D11 -> 313.2 | J11: =august!D11 -> 254.7 | K11: =september!D11 -> 186.6 | L11: =SUM(H11:K11) -> 899.6
A12: 11 | B12: EAST CHAMPARAN | C12: =june!C12 -> 76 | D12: =july!C12 -> 258 | E12: =august!C12 -> 240.1 | F12: =september!C12 -> 63 | G12: =SUM(C12:F12) -> 637.1 | H12: =june!D12 -> 177.8 | I12: =july!D12 -> 364.3 | J12: =august!D12 -> 302 | K12: =september!D12 -> 211.1 | L12: =SUM(H12:K12) -> 1055.2
A13: 12 | B13: GAYA | C13: =june!C13 -> 121.5 | D13: =july!C13 -> 285.5 | E13: =august!C13 -> 251.3 | F13: =september!C13 -> 102.3 | G13: =SUM(C13:F13) -> 760.6 | H13: =june!D13 -> 135.4 | I13: =july!D13 -> 276.6 | J13: =august!D13 -> 241.6 | K13: =september!D13 -> 174.7 | L13: =SUM(H13:K13) -> 828.3
... A39: 38 | B39: WEST CHAMPARAN | C39: =june!C39 -> 144.7 | D39: =july!C39 -> 521.7 | E39: =august!C39 -> 428.5 | F39: =september!C39 -> 202.6 | G39: =SUM(C39:F39) -> 1297.5 | H39: =june!D39 -> 200.8 | I39: =july!D39 -> 438.5 | J39: =august!D39 -> 355.8 | K39: =september!D39 -> 237.1 | L39: =SUM(H39:K39) -> 1232.2
