Workbook

Sheet Jun
A1: S. No. | B1: DISTRICT NAME | C1: Actual R/F (mm) | D1: Normal R/F (mm) | E1: Departure
A2: 1 | B2: ARARIA | C2: 276.4 | D2: 262.6 | E2: 5
A3: 2 | B3: ARWAL | C3: 99.3 | D3: 91.8 | E3: 8
A4: 3 | B4: AURANGABAD | C4: 124.4 | D4: 126.8 | E4: -2
A5: 4 | B5: BANKA | C5: 267.2 | D5: 139.5 | E5: 92
A6: 5 | B6: BEGUSARAI | C6: 80.2 | D6: 165.6 | E6: -52
A7: 6 | B7: BHABUA | C7: 55.7 | D7: 111.7 | E7: -50
A8: 7 | B8: BHAGALPUR | C8: 104.9 | D8: 179.5 | E8: -42
A9: 8 | B9: BHOJPUR | C9: 51 | D9: 116.4 | E9: -56
A10: 9 | B10: BUXAR | C10: 117.8 | D10: 110.6 | E10: 7
A11: 10 | B11: DARBHANGA | C11: 149.5 | D11: 145.1 | E11: 3
A12: 11 | B12: EAST CHAMPARAN | C12: 113.8 | D12: 177.8 | E12: -36
A13: 12 | B13: GAYA | C13: 85.3 | D13: 135.4 | E13: -37
... A39: 38 | B39: WEST CHAMPARAN | C39: 242.7 | D39: 200.8 | E39: 21

Sheet Jul
A1: S. No. | B1: DISTRICT NAME | C1: Actual R/F (mm) | D1: Normal R/F (mm) | E1: Departure
A2: 1 | B2: ARARIA | C2: 690.4 | D2: 487.1 | E2: 42
A3: 2 | B3: ARWAL | C3: 368.9 | D3: 249.1 | E3: 48
A4: 3 | B4: AURANGABAD | C4: 346.4 | D4: 293.5 | E4: 18
A5: 4 | B5: BANKA | C5: 281 | D5: 284.7 | E5: -1
A6: 5 | B6: BEGUSARAI | C6: 285.8 | D6: 329.1 | E6: -13
A7: 6 | B7: BHABUA | C7: 400.5 | D7: 286 | E7: 40
A8: 7 | B8: BHAGALPUR | C8: 315.3 | D8: 310.7 | E8: 1
A9: 8 | B9: BHOJPUR | C9: 331.7 | D9: 306.8 | E9: 8
A10: 9 | B10: BUXAR | C10: 342.2 | D10: 270.6 | E10: 26
A11: 10 | B11: DARBHANGA | C11: 354.9 | D11: 313.2 | E11: 13
A12: 11 | B12: EAST CHAMPARAN | C12: 234.9 | D12: 364.3 | E12: -36
A13: 12 | B13: GAYA | C13: 399.2 | D13: 276.6 | E13: 44
... A39: 38 | B39: WEST CHAMPARAN | C39: 528.9 | D39: 438.5 | E39: 21

Sheet Aug
A1: S. No. | B1: DISTRICT NAME | C1: Actual R/F (mm) | D1: Normal R/F (mm) | E1: Departure
A2: 1 | B2: ARARIA | C2: 149.8 | D2: 340.9 | E2: -56
A3: 2 | B3: ARWAL | C3: 267.8 | D3: 204.5 | E3: 31
A4: 3 | B4: AURANGABAD | C4: 288.4 | D4: 251 | E4: 15
A5: 4 | B5: BANKA | C5: 190.8 | D5: 247.7 | E5: -23
A6: 5 | B6: BEGUSARAI | C6: 72.4 | D6: 273.8 | E6: -74
A7: 6 | B7: BHABUA | C7: 390.5 | D7: 271.2 | E7: 44
A8: 7 | B8: BHAGALPUR | C8: 117.1 | D8: 260.3 | E8: -55
A9: 8 | B9: BHOJPUR | C9: 110.2 | D9: 258.9 | E9: -57
A10: 9 | B10: BUXAR | C10: 128.8 | D10: 232 | E10: -44
A11: 10 | B11: DARBHANGA | C11: 75.3 | D11: 254.7 | E11: -70
A12: 11 | B12: EAST CHAMPARAN | C12: 45 | D12: 302 | E12: -85
A13: 12 | B13: GAYA | C13: 296.2 | D13: 241.6 | E13: 23
... A39: 38 | B39: WEST CHAMPARAN | C39: 89.4 | D39: 355.8 | E39: -75

Sheet Sep
A1: S. No. | B1: DISTRICT NAME | C1: Actual R/F (mm) | D1: Normal R/F (mm) | E1: Departure
A2: 1 | B2: ARARIA | C2: 564.6 | D2: 284 | E2: 99
A3: 2 | B3: ARWAL | C3: 378.6 | D3: 159.8 | E3: 137
A4: 3 | B4: AURANGABAD | C4: 419.3 | D4: 187.7 | E4: 123
A5: 4 | B5: BANKA | C5: 377.3 | D5: 198.7 | E5: 90
A6: 5 | B6: BEGUSARAI | C6: 400.2 | D6: 241 | E6: 66
A7: 6 | B7: BHABUA | C7: 251.9 | D7: 221.3 | E7: 14
A8: 7 | B8: BHAGALPUR | C8: 320.1 | D8: 219.7 | E8: 46
A9: 8 | B9: BHOJPUR | C9: 320.3 | D9: 207.2 | E9: 55
A10: 9 | B10: BUXAR | C10: 213 | D10: 172.2 | E10: 24
A11: 10 | B11: DARBHANGA | C11: 378.1 | D11: 186.6 | E11: 103
A12: 11 | B12: EAST CHAMPARAN | C12: 322.6 | D12: 211.1 | E12: 53
A13: 12 | B13: GAYA | C13: 463.2 | D13: 174.7 | E13: 165
... A39: 38 | B39: WEST CHAMPARAN | C39: 362.3 | D39: 237.1 | E39: 53

Sheet Monsoon
A1: S. No. | B1: DISTRICT NAME | C1: Monsoon Actual R/F (mm) | D1: Monsoon Normal R/F (mm) | E1: Departure
A2: 1 | B2: ARARIA | C2: 1681.1 | D2: 1374.6 | E2: 22
A3: 2 | B3: ARWAL | C3: 1114.6 | D3: 705.2 | E3: 58
A4: 3 | B4: AURANGABAD | C4: 1178.5 | D4: 859 | E4: 37
A5: 4 | B5: BANKA | C5: 1116.3 | D5: 870.6 | E5: 28
A6: 5 | B6: BEGUSARAI | C6: 838.6 | D6: 1009.5 | E6: -17
A7: 6 | B7: BHABUA | C7: 1098.5 | D7: 890.2 | E7: 23
A8: 7 | B8: BHAGALPUR | C8: 857.3 | D8: 970.2 | E8: -12
A9: 8 | B9: BHOJPUR | C9: 813.2 | D9: 889.3 | E9: -9
A10: 9 | B10: BUXAR | C10: 801.8 | D10: 785.4 | E10: 2
A11: 10 | B11: DARBHANGA | C11: 957.8 | D11: 899.6 | E11: 6
A12: 11 | B12: EAST CHAMPARAN | C12: 716.3 | D12: 1055.2 | E12: -32
A13: 12 | B13: GAYA | C13: 1243.8 | D13: 828.3 | E13: 50
... A39: 38 | B39: WEST CHAMPARAN | C39: 1223.3 | D39: 1232.2 | E39: -1

Sheet Data
A1: S. No. | B1: DISTRICT NAME | C1: Jun | D1: Jul | E1: Aug | F1: Sep | G1: Monsoon Actual R/F (mm) | H1: Jun | I1: Jul | J1: Aug | K1: Sep | L1: Monsoon Normal R/F (mm)
A2: 1 | B2: ARARIA | C2: =Jun!C2 -> 276.4 | D2: =Jul!C2 -> 690.4 | E2: =Aug!C2 -> 149.8 | F2: =Sep!C2 -> 564.6 | G2: =SUM(C2:F2) -> 1681.2 | H2: =Jun!D2 -> 262.6 | I2: =Jul!D2 -> 487.1 | J2: =Aug!D2 -> 340.9 | K2: =Sep!D2 -> 284 | L2: =SUM(H2:K2) -> 1374.6
A3: 2 | B3: ARWAL | C3: =Jun!C3 -> 99.3 | D3: =Jul!C3 -> 368.9 | E3: =Aug!C3 -> 267.8 | F3: =Sep!C3 -> 378.6 | G3: =SUM(C3:F3) -> 1114.6 | H3: =Jun!D3 -> 91.8 | I3: =Jul!D3 -> 249.1 | J3: =Aug!D3 -> 204.5 | K3: =Sep!D3 -> 159.8 | L3: =SUM(H3:K3) -> 705.2
A4: 3 | B4: AURANGABAD | C4: =Jun!C4 -> 124.4 | D4: =Jul!C4 -> 346.4 | E4: =Aug!C4 -> 288.4 | F4: =Sep!C4 -> 419.3 | G4: =SUM(C4:F4) -> 1178.5 | H4: =Jun!D4 -> 126.8 | I4: =Jul!D4 -> 293.5 | J4: =Aug!D4 -> 251 | K4: =Sep!D4 -> 187.7 | L4: =SUM(H4:K4) -> 859
A5: 4 | B5: BANKA | C5: =Jun!C5 -> 267.2 | D5: =Jul!C5 -> 281 | E5: =Aug!C5 -> 190.8 | F5: =Sep!C5 -> 377.3 | G5: =SUM(C5:F5) -> 1116.3 | H5: =Jun!D5 -> 139.5 | I5: =Jul!D5 -> 284.7 | J5: =Aug!D5 -> 247.7 | K5: =Sep!D5 -> 198.7 | L5: =SUM(H5:K5) -> 870.6
A6: 5 | B6: BEGUSARAI | C6: =Jun!C6 -> 80.2 | D6: =Jul!C6 -> 285.8 | E6: =Aug!C6 -> 72.4 | F6: =Sep!C6 -> 400.2 | G6: =SUM(C6:F6) -> 838.6 | H6: =Jun!D6 -> 165.6 | I6: =Jul!D6 -> 329.1 | J6: =Aug!D6 -> 273.8 | K6: =Sep!D6 -> 241 | L6: =SUM(H6:K6) -> 1009.5
A7: 6 | B7: BHABUA | C7: =Jun!C7 -> 55.7 | D7: =Jul!C7 -> 400.5 | E7: =Aug!C7 -> 390.5 | F7: =Sep!C7 -> 251.9 | G7: =SUM(C7:F7) -> 1098.6 | H7: =Jun!D7 -> 111.7 | I7: =Jul!D7 -> 286 | J7: =Aug!D7 -> 271.2 | K7: =Sep!D7 -> 221.3 | L7: =SUM(H7:K7) -> 890.2
A8: 7 | B8: BHAGALPUR | C8: =Jun!C8 -> 104.9 | D8: =Jul!C8 -> 315.3 | E8: =Aug!C8 -> 117.1 | F8: =Sep!C8 -> 320.1 | G8: =SUM(C8:F8) -> 857.4 | H8: =Jun!D8 -> 179.5 | I8: =Jul!D8 -> 310.7 | J8: =Aug!D8 -> 260.3 | K8: =Sep!D8 -> 219.7 | L8: =SUM(H8:K8) -> 970.2
A9: 8 | B9: BHOJPUR | C9: =Jun!C9 -> 51 | D9: =Jul!C9 -> 331.7 | E9: =Aug!C9 -> 110.2 | F9: =Sep!C9 -> 320.3 | G9: =SUM(C9:F9) -> 813.2 | H9: =Jun!D9 -> 116.4 | I9: =Jul!D9 -> 306.8 | J9: =Aug!D9 -> 258.9 | K9: =Sep!D9 -> 207.2 | L9: =SUM(H9:K9) -> 889.3
A10: 9 | B10: BUXAR | C10: =Jun!C10 -> 117.8 | D10: =Jul!C10 -> 342.2 | E10: =Aug!C10 -> 128.8 | F10: =Sep!C10 -> 213 | G10: =SUM(C10:F10) -> 801.8 | H10: =Jun!D10 -> 110.6 | I10: =Jul!D10 -> 270.6 | J10: =Aug!D10 -> 232 | K10: =Sep!D10 -> 172.2 | L10: =SUM(H10:K10) -> 785.4
A11: 10 | B11: DARBHANGA | C11: =Jun!C11 -> 149.5 | D11: =Jul!C11 -> 354.9 | E11: =Aug!C11 -> 75.3 | F11: =Sep!C11 -> 378.1 | G11: =SUM(C11:F11) -> 957.8 | H11: =Jun!D11 -> 145.1 | I11: =Jul!D11 -> 313.2 | J11: =Aug!D11 -> 254.7 | K11: =Sep!D11 -> 186.6 | L11: =SUM(H11:K11) -> 899.6
A12: 11 | B12: EAST CHAMPARAN | C12: =Jun!C12 -> 113.8 | D12: =Jul!C12 -> 234.9 | E12: =Aug!C12 -> 45 | F12: =Sep!C12 -> 322.6 | G12: =SUM(C12:F12) -> 716.3 | H12: =Jun!D12 -> 177.8 | I12: =Jul!D12 -> 364.3 | J12: =Aug!D12 -> 302 | K12: =Sep!D12 -> 211.1 | L12: =SUM(H12:K12) -> 1055.2
A13: 12 | B13: GAYA | C13: =Jun!C13 -> 85.3 | D13: =Jul!C13 -> 399.2 | E13: =Aug!C13 -> 296.2 | F13: =Sep!C13 -> 463.2 | G13: =SUM(C13:F13) -> 1243.9 | H13: =Jun!D13 -> 135.4 | I13: =Jul!D13 -> 276.6 | J13: =Aug!D13 -> 241.6 | K13: =Sep!D13 -> 174.7 | L13: =SUM(H13:K13) -> 828.3
... A39: 38 | B39: WEST CHAMPARAN | C39: =Jun!C39 -> 242.7 | D39: =Jul!C39 -> 528.9 | E39: =Aug!C39 -> 89.4 | F39: =Sep!C39 -> 362.3 | G39: =SUM(C39:F39) -> 1223.3 | H39: =Jun!D39 -> 200.8 | I39: =Jul!D39 -> 438.5 | J39: =Aug!D39 -> 355.8 | K39: =Sep!D39 -> 237.1 | L39: =SUM(H39:K39) -> 1232.2
